Dancing with the Stars - All Seasons Summary (1-34),Unnamed: 1,Unnamed: 2,Unnamed: 3,Season_Sheet,Couple,Pl,Wk1,Wk2,Wk1+2,Wk3,Wk4,Wk5,Wk6,Wk7,Wk8,Wk6+7,Wk9,Wk10N1,Wk10N2,Wk1N1,Wk1N2,Wk3+4,Wk10,Wk11N1,Wk11N2,Wk5+6,Wk7+8,Wk2N1,Wk2N2,Wk11,Wk4N1,Wk4N2,Wk4-1+2,Wk5N1,Wk5N2,Wk5-1+2,Wk10+11,Wk3N1,Wk3N2,Wk3-1+2,Wk8+9
,,,,Summary,,,,,,,,,,,,,,,,,,,,,,,,,,,,,,,,,,,,,
Season,Winner,Runner-up,Third Place,Summary,,,,,,,,,,,,,,,,,,,,,,,,,,,,,,,,,,,,,
S1,Kelly & Alec,John & Charlotte,Joey & Ashly,Summary,,,,,,,,,,,,,,,,,,,,,,,,,,,,,,,,,,,,,
S2,Drew & Cheryl,Jerry & Anna,Stacy & Tony,Summary,,,,,,,,,,,,,,,,,,,,,,,,,,,,,,,,,,,,,
S3,Emmitt & Cheryl,Mario & Karina,Joey & Edyta,Summary,,,,,,,,,,,,,,,,,,,,,,,,,,,,,,,,,,,,,
S4,Apolo & Julianne,Joey & Kym,Laila & Maks,Summary,,,,,,,,,,,,,,,,,,,,,,,,,,,,,,,,,,,,,
S5,Hélio & Julianne,Mel & Maks,Marie & Jonathan,Summary,,,,,,,,,,,,,,,,,,,,,,,,,,,,,,,,,,,,,
S6,Kristi & Mark,Jason & Edyta,Cristián & Cheryl,Summary,,,,,,,,,,,,,,,,,,,,,,,,,,,,,,,,,,,,,
S7,Brooke & Derek,Warren & Kym,Lance & Lacey,Summary,,,,,,,,,,,,,,,,,,,,,,,,,,,,,,,,,,,,,
S8,Shawn & Mark,Gilles & Cheryl,Melissa & Tony,Summary,,,,,,,,,,,,,,,,,,,,,,,,,,,,,,,,,,,,,
S9,Donny & Kym,Mýa & Dmitry,Kelly & Louis,Summary,,,,,,,,,,,,,,,,,,,,,,,,,,,,,,,,,,,,,
S10,Nicole & Derek,Evan & Anna,Erin & Maks,Summary,,,,,,,,,,,,,,,,,,,,,,,,,,,,,,,,,,,,,
S11,Jennifer & Derek,Kyle & Lacey,Bristol & Mark,Summary,,,,,,,,,,,,,,,,,,,,,,,,,,,,,,,,,,,,,
S12,Hines & Kym,Kirstie & Maks,Chelsea & Mark,Summary,,,,,,,,,,,,,,,,,,,,,,,,,,,,,,,,,,,,,
S13,J.R. & Karina,Rob & Cheryl,Ricki & Derek,Summary,,,,,,,,,,,,,,,,,,,,,,,,,,,,,,,,,,,,,
S14,Donald & Peta,Katherine & Mark,William & Cheryl,Summary,,,,,,,,,,,,,,,,,,,,,,,,,,,,,,,,,,,,,
S15,Melissa & Tony,Shawn & Derek,Kelly & Val,Summary,,,,,,,,,,,,,,,,,,,,,,,,,,,,,,,,,,,,,
S16,Kellie & Derek,Zendaya & Val,Jacoby & Karina,Summary,,,,,,,,,,,,,,,,,,,,,,,,,,,,,,,,,,,,,
S17,Amber & Derek,Corbin & Karina,Jack & Cheryl,Summary,,,,,,,,,,,,,,,,,,,,,,,,,,,,,,,,,,,,,
S18,Meryl & Maks,Amy & Derek,Candace & Mark,Summary,,,,,,,,,,,,,,,,,,,,,,,,,,,,,,,,,,,,,
S19,Alfonso & Witney,Sadie & Mark,Janel & Val,Summary,,,,,,,,,,,,,,,,,,,,,,,,,,,,,,,,,,,,,
S20,Rumer & Val,Riker & Allison,Noah & Sharna,Summary,,,,,,,,,,,,,,,,,,,,,,,,,,,,,,,,,,,,,
S21,Bindi & Derek,Nick & Sharna,Alek & Lindsay,Summary,,,,,,,,,,,,,,,,,,,,,,,,,,,,,,,,,,,,,
S22,Nyle & Peta,Paige & Mark,Ginger & Val,Summary,,,,,,,,,,,,,,,,,,,,,,,,,,,,,,,,,,,,,
S23,Laurie & Val,James & Sharna,Calvin & Lindsay,Summary,,,,,,,,,,,,,,,,,,,,,,,,,,,,,,,,,,,,,
S24,Rashad & Emma,David & Lindsay,Normani & Val,Summary,,,,,,,,,,,,,,,,,,,,,,,,,,,,,,,,,,,,,
S25,Jordan & Lindsay,Lindsey & Mark,Frankie & Witney,Summary,,,,,,,,,,,,,,,,,,,,,,,,,,,,,,,,,,,,,
S26,Adam & Jenna,Josh & Sharna,Tonya & Sasha,Summary,,,,,,,,,,,,,,,,,,,,,,,,,,,,,,,,,,,,,
S27,Bobby & Sharna,Milo & Witney,Evanna & Keo,Summary,,,,,,,,,,,,,,,,,,,,,,,,,,,,,,,,,,,,,
S28,Hannah & Alan,Kel & Witney,Ally & Sasha,Summary,,,,,,,,,,,,,,,,,,,,,,,,,,,,,,,,,,,,,
S29,Kaitlyn & Artem,Nev & Jenna,Nelly & Daniella,Summary,,,,,,,,,,,,,,,,,,,,,,,,,,,,,,,,,,,,,
S30,Iman & Daniella,JoJo & Jenna,Cody & Cheryl,Summary,,,,,,,,,,,,,,,,,,,,,,,,,,,,,,,,,,,,,
S31,Charli & Mark,Gabby & Val,Wayne & Witney,Summary,,,,,,,,,,,,,,,,,,,,,,,,,,,,,,,,,,,,,
S32,Xochitl & Val,Jason & Daniella,Ariana & Pasha,Summary,,,,,,,,,,,,,,,,,,,,,,,,,,,,,,,,,,,,,
S33,Joey & Jenna,Ilona & Alan,Chandler & Brandon,Summary,,,,,,,,,,,,,,,,,,,,,,,,,,,,,,,,,,,,,
S34,Robert & Witney,Alix & Val,Jordan & Ezra,Summary,,,,,,,,,,,,,,,,,,,,,,,,,,,,,,,,,,,,,
,,,,S1,Kelly & Alec,1st,13,17,30.0,21.0,26.0,22+25=47,25+30=55,,,,,,,,,,,,,,,,,,,,,,,,,,,,
,,,,S1,John & Charlotte,2nd,20,26,46.0,24.0,21.0,27+27=54,27+27=54,,,,,,,,,,,,,,,,,,,,,,,,,,,,
,,,,S1,Joey & Ashly,3rd,20,21,41.0,22.0,20.0,20+25=45,,,,,,,,,,,,,,,,,,,,,,,,,,,,,
,,,,S1,Rachel & Jonathan,4th,20,24,44.0,26.0,25.0,,,,,,,,,,,,,,,,,,,,,,,,,,,,,,
,,,,S1,Evander & Edyta,5th,18,14,32.0,13.0,,,,,,,,,,,,,,,,,,,,,,,,,,,,,,,
,,,,S1,Trista & Louis,6th,18,19,37.0,,,,,,,,,,,,,,,,,,,,,,,,,,,,,,,,
,,,,S2,Drew & Cheryl,1st,24,27.0,,27.0,28.0,27.0,30.0,26+29=55,30+30+27=87,,,,,,,,,,,,,,,,,,,,,,,,,,
,,,,S2,Jerry & Anna,2nd,21,23.0,,19.0,24.0,23.0,23.0,20+21=41,26+27+27=80,,,,,,,,,,,,,,,,,,,,,,,,,,
,,,,S2,Stacy & Tony,3rd,22,29.0,,27.0,26.0,30.0,30.0,27+28=55,30+26+30=86,,,,,,,,,,,,,,,,,,,,,,,,,,
,,,,S2,Lisa & Louis,4th,19,20.0,,25.0,26.0,25.0,27.0,26+27=53,,,,,,,,,,,,,,,,,,,,,,,,,,,
,,,,S2,George & Edyta,5th,18,22.0,,22.0,21.0,24.0,23.0,,,,,,,,,,,,,,,,,,,,,,,,,,,,
,,,,S2,Tia & Maks,6th,20,22.0,,26.0,25.0,22.0,,,,,,,,,,,,,,,,,,,,,,,,,,,,,
,,,,S2,Master P & Ashly,7th,12,16.0,,14.0,8.0,,,,,,,,,,,,,,,,,,,,,,,,,,,,,,
,,,,S2,Giselle & Jonathan,8th,23,24.0,,22.0,,,,,,,,,,,,,,,,,,,,,,,,,,,,,,,
,,,,S2,Tatum & Nick,9th,23,17.0,,,,,,,,,,,,,,,,,,,,,,,,,,,,,,,,,
,,,,S2,Kenny & Andrea,10th,13,,,,,,,,,,,,,,,,,,,,,,,,,,,,,,,,,,
,,,,S3,Emmitt & Cheryl,1st,24,24.0,,19.0,24.0,27.0,25.0,28+29=57,25+29=54,82.0,29+30=59,30+30=60,+29=89,,,,,,,,,,,,,,,,,,,,,,
,,,,S3,Mario & Karina,2nd,26,21.0,,22.0,29.0,27.0,28.0,29+27=56,28+29=57,84.0,30+29=59,29+30=59,+30=89,,,,,,,,,,,,,,,,,,,,,,
,,,,S3,Joey & Edyta,3rd,21,29.0,,22.0,27.0,25.0,24.0,29+28=57,28+26=54,81.0,29+30=59,,,,,,,,,,,,,,,,,,,,,,,,
,,,,S3,Monique & Louis,4th,19,26.0,,27.0,24.0,27.0,23.0,27+27=54,24+29=53,77.0,,,,,,,,,,,,,,,,,,,,,,,,,
,,,,S3,Jerry & Kym,5th,16,19.0,,21.0,22.0,24.0,18.0,24+22=46,,64.0,,,,,,,,,,,,,,,,,,,,,,,,,
,,,,S3,Sara & Tony,6th,15,21.0,,25.0,20.0,24.0,,,,,,,,,,,,,,,,,,,,,,,,,,,,,
,,,,S3,Willa & Maks,7th,22,23.0,,22.0,28.0,27.0,,,,,,,,,,,,,,,,,,,,,,,,,,,,,
,,,,S3,Vivica & Nick,8th,22,24.0,,27.0,24.0,,,,,,,,,,,,,,,,,,,,,,,,,,,,,,
,,,,S3,Harry & Ashly,9th,17,21.0,,22.0,,,,,,,,,,,,,,,,,,,,,,,,,,,,,,,
,,,,S3,Shanna & Jesse,10th,18,22.0,,,,,,,,,,,,,,,,,,,,,,,,,,,,,,,,,
,,,,S3,Tucker & Elena,11th,12,,,,,,,,,,,,,,,,,,,,,,,,,,,,,,,,,,
,,,,S4,Apolo & Julianne,1st,21,26,47.0,23.0,26.0,30.0,28.0,26+28=54,28+30=58,,30+29=59,28+30=58,+30=88,,,,,,,,,,,,,,,,,,,,,,
,,,,S4,Joey & Kym,2nd,24,24,48.0,24.0,28.0,25.0,27.0,29+30=59,26+29=55,,30+30=60,26+30=56,+30=86,,,,,,,,,,,,,,,,,,,,,,
,,,,S4,Laila & Maks,3rd,23,27,50.0,21.0,21.0,28.0,28.0,29+30=59,27+26=53,,30+30=60,29+26=55,+30=85,,,,,,,,,,,,,,,,,,,,,,
,,,,S4,Ian & Cheryl,4th,21,22,43.0,24.0,24.0,24.0,24.0,27+27=54,22+25=47,,28+30=58,,,,,,,,,,,,,,,,,,,,,,,,
,,,,S4,Billy Ray & Karina,5th,13,21,34.0,21.0,21.0,17.0,21.0,17+21=38,18+20=38,,,,,,,,,,,,,,,,,,,,,,,,,,
,,,,S4,John & Edyta,6th,17,21,38.0,20.0,16.0,18.0,19.0,23+22=45,,,,,,,,,,,,,,,,,,,,,,,,,,,
,,,,S4,Heather & Jonathan,7th,18,24,42.0,24.0,23.0,21.0,23.0,,,,,,,,,,,,,,,,,,,,,,,,,,,,
,,,,S4,Clyde & Elena,8th,16,18,34.0,16.0,15.0,13.0,,,,,,,,,,,,,,,,,,,,,,,,,,,,,
,,,,S4,Leeza & Tony,9th,15,21,36.0,24.0,16.0,,,,,,,,,,,,,,,,,,,,,,,,,,,,,,
,,,,S4,Shandi & Brian,10th,19,20,39.0,21.0,,,,,,,,,,,,,,,,,,,,,,,,,,,,,,,
,,,,S4,Paulina & Alec,11th,19,21,40.0,,,,,,,,,,,,,,,,,,,,,,,,,,,,,,,,
,,,,S5,Hélio & Julianne,1st,25,27.0,,24.0,27.0,23.0,28.0,25+27=52,27+30=57,,30+30=60,25+29=54,+30=84,,,,,,,,,,,,,,,,,,,,,,
,,,,S5,Mel & Maks,2nd,24,23.0,,27.0,26.0,29.0,30.0,24+30=54,27+29=56,,30+30=60,28+27=55,+30=85,,,,,,,,,,,,,,,,,,,,,,
,,,,S5,Marie & Jonathan,3rd,21,24.0,,26.0,26.0,21.0,23.0,28+24=52,24+25=49,,29+27=56,24+22=46,,,,,,,,,,,,,,,,,,,,,,,
,,,,S5,Jennie & Derek,4th,21,21.0,,26.0,27.0,25.0,27.0,25+28=53,24+26=50,,28+30=58,,,,,,,,,,,,,,,,,,,,,,,,
,,,,S5,Cameron & Edyta,5th,21,21.0,,23.0,27.0,26.0,25.0,24+27=51,27+24=51,,,,,,,,,,,,,,,,,,,,,,,,,,
,,,,S5,Jane & Tony,6th,24,21.0,,27.0,26.0,26.0,22.0,24+26=50,,,,,,,,,,,,,,,,,,,,,,,,,,,
,,,,S5,Sabrina & Mark,7th,26,26.0,,27.0,30.0,28.0,25.0,,,,,,,,,,,,,,,,,,,,,,,,,,,,
,,,,S5,Mark & Kym,8th,21,18.0,,20.0,22.0,21.0,,,,,,,,,,,,,,,,,,,,,,,,,,,,,
,,,,S5,Floyd & Karina,9th,18,21.0,,21.0,23.0,,,,,,,,,,,,,,,,,,,,,,,,,,,,,,
,,,,S5,Wayne & Cheryl,10th,19,15.0,,18.0,,,,,,,,,,,,,,,,,,,,,,,,,,,,,,,
,,,,S5,Albert & Anna,11th,21,21.0,,,,,,,,,,,,,,,,,,,,,,,,,,,,,,,,,
,,,,S5,Josie & Alec,12th,16,,,,,,,,,,,,,,,,,,,,,,,,,,,,,,,,,,
,,,,S6,Kristi & Mark,1st,27,27,54.0,27.0,29.0,29.0,30.0,26+28=54,29+26=55,,29+28=57,30+30=60,+30=90,,,,,,,,,,,,,,,,,,,,,,
,,,,S6,Jason & Edyta,2nd,22,27,49.0,23.0,29.0,27.0,24.0,29+26=55,29+23=52,,28+27=55,24+27=51,+30=81,,,,,,,,,,,,,,,,,,,,,,
,,,,S6,Cristián & Cheryl,3rd,21,20,41.0,25.0,26.0,23.0,27.0,25+21=46,28+29=57,,27+29=56,26+26=52,,,,,,,,,,,,,,,,,,,,,,,
,,,,S6,Marissa & Tony,4th,18,21,39.0,19.0,24.0,24.0,26.0,27+25=52,25+25=50,,26+26=52,,,,,,,,,,,,,,,,,,,,,,,,
,,,,S6,Mario & Karina,5th,24,26,50.0,21.0,24.0,27.0,28.0,24+27=51,27+26=53,,,,,,,,,,,,,,,,,,,,,,,,,,
,,,,S6,Shannon & Derek,6th,21,24,45.0,24.0,28.0,23.0,24.0,27+24=51,,,,,,,,,,,,,,,,,,,,,,,,,,,
,,,,S6,Marlee & Fabian,7th,22,24,46.0,21.0,24.0,22.0,21.0,,,,,,,,,,,,,,,,,,,,,,,,,,,,
,,,,S6,Priscilla & Louis,8th,24,21,45.0,26.0,22.0,21.0,,,,,,,,,,,,,,,,,,,,,,,,,,,,,
,,,,S6,Adam & Julianne,9th,15,19,34.0,21.0,19.0,,,,,,,,,,,,,,,,,,,,,,,,,,,,,,
,,,,S6,Steve & Anna,10th,18,16,34.0,21.0,,,,,,,,,,,,,,,,,,,,,,,,,,,,,,,
,,,,S6,Monica & Jonathan,11th,15,15,30.0,,,,,,,,,,,,,,,,,,,,,,,,,,,,,,,,
,,,,S6,Penn & Kym,12th,16,17,33.0,,,,,,,,,,,,,,,,,,,,,,,,,,,,,,,,
,,,,S7,Brooke & Derek,1st,,24.0,49.0,28.0,26.0,29.0,26.0,30+29=59,28+27=55,,21+28=49,28+30=58,+30=88,23.0,26.0,54.0,,,,,,,,,,,,,,,,,,,
,,,,S7,Warren & Kym,2nd,,24.0,43.0,25.0,22.0,25.0,25.0,21+29=50,28+26=54,,24+25=49,25+28=53,+27=80,21.0,22.0,47.0,,,,,,,,,,,,,,,,,,,
,,,,S7,Lance & Lacey,3rd,,20.0,43.0,22.0,26.0,21.0,27.0,25+20=45,26+24=50,,28+29=57,26+27=53,+28=81,22.0,21.0,48.0,,,,,,,,,,,,,,,,,,,
,,,,S7,Cody & Julianne,4th,,21.0,41.0,21.0,23.0,28.0,23.0,22+20=42,24+24=48,,22+24=46,,,18.0,23.0,44.0,,,,,,,,,,,,,,,,,,,
,,,,S7,Maurice & Cheryl,5th,,19.0,39.0,24.0,20.0,27.0,21.0,25+29=54,24+24=48,,,,,18.0,21.0,44.0,,,,,,,,,,,,,,,,,,,
,,,,S7,Susan & Tony,6th,,21.0,37.0,21.0,24.0,22.0,23.0,24+20=44,,,,,,15.0,22.0,45.0,,,,,,,,,,,,,,,,,,,
,,,,S7,Cloris & Corky,7th,,15.0,32.0,16.0,22.0,21.0,15.0,,,,,,,16.0,16.0,38.0,,,,,,,,,,,,,,,,,,,
,,,,S7,Toni & Alec,8th,,23.0,45.0,22.0,22.0,22.0,,,,,,,,22.0,23.0,44.0,,,,,,,,,,,,,,,,,,,
,,,,S7,Rocco & Karina,9th,,16.0,35.0,20.0,18.0,,,,,,,,,14.0,21.0,38.0,,,,,,,,,,,,,,,,,,,
,,,,S7,Misty & Maks,10th,,21.0,42.0,,,,,,,,,,,21.0,21.0,,,,,,,,,,,,,,,,,,,,
,,,,S7,Kim & Mark,11th,,17.0,37.0,,,,,,,,,,,19.0,18.0,,,,,,,,,,,,,,,,,,,,
,,,,S7,Ted & Inna,12th,,,37.0,,,,,,,,,,,18.0,19.0,,,,,,,,,,,,,,,,,,,,
,,,,S7,Jeffrey & Edyta,13th,,,,,,,,,,,,,,12.0,,,,,,,,,,,,,,,,,,,,,
,,,,S8,Shawn & Mark,1st,23,24,47.0,27.0,25.0,26.0,26.0,28.0,27+25=52,,27+29=56,,,,,,30+26=56,28+30=58,+30=88,,,,,,,,,,,,,,,,
,,,,S8,Gilles & Cheryl,2nd,24,27,51.0,27.0,30.0,29.0,26.0,27.0,27+28=55,,29+27=56,,,,,,30+30=60,30+28=58,+30=88,,,,,,,,,,,,,,,,
,,,,S8,Melissa & Tony,3rd,23,26,49.0,27.0,29.0,25.0,27.0,29.0,21+25=46,,27+30=57,,,,,,28+27=55,29+27=56,+30=86,,,,,,,,,,,,,,,,
,,,,S8,Ty & Chelsie,4th,14,20,34.0,23.0,25.0,21.0,18.0,24.0,24+28=52,,25+21=46,,,,,,25+23=48,,,,,,,,,,,,,,,,,,
,,,,S8,Lil' Kim & Derek,5th,21,23,44.0,25.0,27.0,26.0,28.0,26.0,28+28=56,,25+27=52,,,,,,,,,,,,,,,,,,,,,,,,
,,,,S8,Chuck & Julianne,6th,20,20,40.0,23.0,22.0,23.0,23.0,27.0,26+25=51,,,,,,,,,,,,,,,,,,,,,,,,,,
,,,,S8,Lawrence & Edyta,7th,16,20,36.0,20.0,19.0,20.0,22.0,21.0,,,,,,,,,,,,,,,,,,,,,,,,,,,
,,,,S8,Steve-O & Lacey,8th,17,14,31.0,15.0,15.0,18.0,16.0,,,,,,,,,,,,,,,,,,,,,,,,,,,,
,,,,S8,David & Kym,9th,19,17,36.0,24.0,22.0,22.0,,,,,,,,,,,,,,,,,,,,,,,,,,,,,
,,,,S8,Steve & Karina,10th,13,17,30.0,10.0,12.0,,,,,,,,,,,,,,,,,,,,,,,,,,,,,,
,,,,S8,Holly & Dmitry,11th,18,18,36.0,17.0,16.0,,,,,,,,,,,,,,,,,,,,,,,,,,,,,,
,,,,S8,Denise & Maks,12th,18,21,39.0,16.0,,,,,,,,,,,,,,,,,,,,,,,,,,,,,,,
,,,,S8,Belinda & Jonathan,13th,17,18,35.0,,,,,,,,,,,,,,,,,,,,,,,,,,,,,,,,
,,,,S9,Donny & Kym,1st,20+10=30,25.0,,21.0,24.0,29.0,24+7=31,24+28=52,26+24=50,,21+26+27=74,27+28+30=85,+30=115,,,,,,,,,,,,,,,,,,,,,,
,,,,S9,Mýa & Dmitry,2nd,21+10=31,27.0,,27.0,28.0,27.0,24+9=33,25+24=49,29+30=59,,28+30+29=87,30+30+27=87,+28=115,,,,,,,,,,,,,,,,,,,,,,
,,,,S9,Kelly & Louis,3rd,23+8=31,19.0,,20.0,23.0,24.0,20+5=25,24+28=52,25+26=51,,24+27+27=78,26+26+24=76,+26=102,,,,,,,,,,,,,,,,,,,,,,
,,,,S9,Joanna & Derek,4th,24+10=34,20.0,,23.0,26.0,24.0,26+10=36,27+28=55,23+29=52,,27+27+27=81,,,,,,,,,,,,,,,,,,,,,,,,
,,,,S9,Aaron & Karina,5th,22+10=32,27.0,,21.0,18.0,24.0,25+8=33,29+24=53,23+27=50,,,,,,,,,,,,,,,,,,,,,,,,,,
,,,,S9,Mark & Lacey,6th,21+8=29,21.0,,18.0,22.0,26.0,26+6=32,19+24=43,,,,,,,,,,,,,,,,,,,,,,,,,,,
,,,,S9,Michael & Anna D.,7th,13+6=19,20.0,,14.0,16.0,21.0,20+2=22,23+24=47,,,,,,,,,,,,,,,,,,,,,,,,,,,
,,,,S9,Louie & Chelsie,8th,19+8=27,19.0,,20.0,16.0,22.0,21+3=24,,,,,,,,,,,,,,,,,,,,,,,,,,,,
,,,,S9,Melissa & Mark,9th,18+6=24,19.0,,19.0,28.0,23.0,20+4=24,,,,,,,,,,,,,,,,,,,,,,,,,,,,
,,,,S9,Natalie & Alec,10th,19+8=27,21.0,,26.0,24.0,22.0,,,,,,,,,,,,,,,,,,,,,,,,,,,,,
,,,,S9,Chuck & Anna T.,11th,16+6=22,19.0,,17.0,17.0,,,,,,,,,,,,,,,,,,,,,,,,,,,,,,
,,,,S9,Debi & Maks,12th,16+6=22,21.0,,17.0,,,,,,,,,,,,,,,,,,,,,,,,,,,,,,,
,,,,S9,Tom & Cheryl,13th,16+4=20,18.0,,15.0,,,,,,,,,,,,,,,,,,,,,,,,,,,,,,,
,,,,S9,Kathy & Tony,14th,16+4=20,18.0,,,,,,,,,,,,,,,,,,,,,,,,,,,,,,,,,
,,,,S9,Macy & Jonathan,15th,15+4=19,,,,,,,,,,,,,,,,,,,,,,,,,,,,,,,,,,
,,,,S9,Ashley & Edyta,16th,15+4=19,,,,,,,,,,,,,,,,,,,,,,,,,,,,,,,,,,
,,,,S10,Nicole & Derek,1st,25,28,53.0,23.0,25+25=50,29.0,26+10=36,27+27=54,29+30=59,,30+29=59,28+27+30=85,+30=115,,,,,,,,,,,,,,,,,,,,,,
,,,,S10,Evan & Anna,2nd,23,24,47.0,26.0,26+26=52,27.0,21+6=27,30+24=54,27+26=53,,29+30=59,28+24+28=80,+28=108,,,,,,,,,,,,,,,,,,,,,,
,,,,S10,Erin & Maks,3rd,21,23,44.0,23.0,18+21=39,22.0,25+9=34,27+24=51,28+25=53,,27+29=56,29+26+26=81,,,,,,,,,,,,,,,,,,,,,,,
,,,,S10,Chad & Cheryl,4th,18,16,34.0,20.0,21+23=44,18.0,24+7=31,25+27=52,21+24=45,,27+25=52,,,,,,,,,,,,,,,,,,,,,,,,
,,,,S10,Niecy & Louis,5th,18,21,39.0,21.0,18+18=36,18.0,21+5=26,25+24=49,23+20=43,,,,,,,,,,,,,,,,,,,,,,,,,,
,,,,S10,Pamela & Damian,6th,21,22,43.0,21.0,23+24=47,21.0,22+8=30,24+27=51,,,,,,,,,,,,,,,,,,,,,,,,,,,
,,,,S10,Jake & Chelsie,7th,20,20,40.0,21.0,19+19=38,23.0,21+4=25,,,,,,,,,,,,,,,,,,,,,,,,,,,,
,,,,S10,Kate & Tony,8th,16,15,31.0,15.0,14+18=32,15.0,,,,,,,,,,,,,,,,,,,,,,,,,,,,,
,,,,S10,Aiden & Edyta,9th,15,19,34.0,20.0,15+18=33,,,,,,,,,,,,,,,,,,,,,,,,,,,,,,
,,,,S10,Buzz & Ashly,10th,14,12,26.0,13.0,,,,,,,,,,,,,,,,,,,,,,,,,,,,,,,
,,,,S10,Shannen & Mark,11th,18,20,38.0,,,,,,,,,,,,,,,,,,,,,,,,,,,,,,,,
,,,,S11,Jennifer & Derek,1st,24,24.0,,24.0,27+29=56,25.0,20+9=29,27+37=64,27+30=57,,30+30=60,30+30=60,+30+28=118,,,,,,,,,,,,,,,,,,,,,,
,,,,S11,Kyle & Lacey,2nd,23,22.0,,23.0,18+22=40,20.0,23+7=30,24+35=59,27+29=56,,29+29=58,27+29=56,+26+28=110,,,,,,,,,,,,,,,,,,,,,,
,,,,S11,Bristol & Mark,3rd,18,22.0,,19.0,18+14=32,18.0,23+5=28,24+33=57,24+23=47,,27+26=53,27+25=52,+25+27=104,,,,,,,,,,,,,,,,,,,,,,
,,,,S11,Brandy & Maks,4th,23,21.0,,24.0,22+26=48,27.0,26+10=36,27+37=64,29+28=57,,27+30=57,,,,,,,,,,,,,,,,,,,,,,,,
,,,,S11,Kurt & Anna,5th,19,21.0,,23.0,15+19=34,24.0,18+4=22,27+34=61,24+24=48,,,,,,,,,,,,,,,,,,,,,,,,,,
,,,,S11,Rick & Cheryl,6th,22,21.0,,24.0,19+20=39,24.0,24+6=30,24+37=61,,,,,,,,,,,,,,,,,,,,,,,,,,,
,,,,S11,Audrina & Tony,7th,19,23.0,,26.0,24+22=46,23.0,24+8=32,,,,,,,,,,,,,,,,,,,,,,,,,,,,
,,,,S11,Florence & Corky,8th,18,19.0,,20.0,17+18=35,21.0,,,,,,,,,,,,,,,,,,,,,,,,,,,,,
,,,,S11,The Situation & Karina,9th,15,18.0,,20.0,12+16=28,,,,,,,,,,,,,,,,,,,,,,,,,,,,,,
,,,,S11,Margaret & Louis,10th,15,18.0,,18.0,,,,,,,,,,,,,,,,,,,,,,,,,,,,,,,
,,,,S11,Michael & Chelsie,11th,16,12.0,,,,,,,,,,,,,,,,,,,,,,,,,,,,,,,,,
,,,,S11,David & Kym,12th,15,,,,,,,,,,,,,,,,,,,,,,,,,,,,,,,,,,
,,,,S12,Hines & Kym,1st,21,23,44.0,25.0,25.0,27.0,27.0,30+36=66,28+26=54,,30+30=60,29+30=59,+30=89,,,,,,,,,,,,,,,,,,,,,,
,,,,S12,Kirstie & Maks,2nd,23,20,43.0,21.0,22.0,23.0,26.0,30+30=60,28+25=53,,27+27=54,27+27=54,+30=84,,,,,,,,,,,,,,,,,,,,,,
,,,,S12,Chelsea & Mark,3rd,21,18,39.0,23.0,26.0,26.0,28.0,30+34=64,29+26=55,,28+30+15=73,29+30=59,+30=89,,,,,,,,,,,,,,,,,,,,,,
,,,,S12,Ralph & Karina,4th,24,21,45.0,21.0,25.0,22.0,24.0,30+36=66,25+21=46,,25+23=48,,,,,,,,,,,,,,,,,,,,,,,,
,,,,S12,Romeo & Chelsie,5th,19,23,42.0,20.0,23.0,26.0,28.0,30+30=60,27+25=52,,,,,,,,,,,,,,,,,,,,,,,,,,
,,,,S12,Kendra & Louis,6th,18,19,37.0,23.0,18.0,22.0,25.0,30+31=61,,,,,,,,,,,,,,,,,,,,,,,,,,,
,,,,S12,Chris & Cheryl,7th,19,23,42.0,21.0,23.0,26.0,22.0,,,,,,,,,,,,,,,,,,,,,,,,,,,,
,,,,S12,Petra & Dmitry,8th,18,18,36.0,25.0,23.0,22.0,,,,,,,,,,,,,,,,,,,,,,,,,,,,,
,,,,S12,Sugar Ray & Anna,9th,17,17,34.0,20.0,21.0,,,,,,,,,,,,,,,,,,,,,,,,,,,,,,
,,,,S12,Wendy & Tony,10th,14,17,31.0,15.0,,,,,,,,,,,,,,,,,,,,,,,,,,,,,,,
,,,,S12,Mike & Lacey,11th,13,17,30.0,,,,,,,,,,,,,,,,,,,,,,,,,,,,,,,,
,,,,S13,J.R. & Karina,1st,22,22.0,,26.0,26.0,28.0,29.0,25+23=48,30+30=60,,23+27+6=56,24+30=54,+28+30=112,,,,,,,,,,,,,,,,,,,,,,
,,,,S13,Rob & Cheryl,2nd,16,21.0,,24.0,24.0,25.0,22.0,25+26=51,27+24=51,,28+27+10=65,27+30=57,+26+30=113,,,,,,,,,,,,,,,,,,,,,,
,,,,S13,Ricki & Derek,3rd,20,23.0,,27.0,29.0,24.0,29.0,27+26=53,28+24=52,,30+29+8=67,27+27=54,+30=84,,,,,,,,,,,,,,,,,,,,,,
,,,,S13,Hope & Maks,4th,21,19.0,,24.0,24.0,24.0,20.0,24+26=50,27+25=52,,21+24+4=49,,,,,,,,,,,,,,,,,,,,,,,,
,,,,S13,Nancy & Tristan,5th,16,21.0,,21.0,21.0,22.0,24.0,21+23=44,24+20=44,,,,,,,,,,,,,,,,,,,,,,,,,,
,,,,S13,David & Kym,6th,18,18.0,,24.0,23.0,25.0,23.0,24+23=47,,,,,,,,,,,,,,,,,,,,,,,,,,,
,,,,S13,Chaz & Lacey,7th,17,17.0,,18.0,21.0,21.0,19.0,,,,,,,,,,,,,,,,,,,,,,,,,,,,
,,,,S13,Carson & Anna,8th,17,18.0,,23.0,20.0,19.0,,,,,,,,,,,,,,,,,,,,,,,,,,,,,
,,,,S13,Chynna & Tony,9th,22,21.0,,26.0,21.0,,,,,,,,,,,,,,,,,,,,,,,,,,,,,,
,,,,S13,Kristin & Mark,10th,19,22.0,,24.0,,,,,,,,,,,,,,,,,,,,,,,,,,,,,,,
,,,,S13,Elisabetta & Val,11th,15,21.0,,,,,,,,,,,,,,,,,,,,,,,,,,,,,,,,,
,,,,S13,Ron & Peta,12th,14,,,,,,,,,,,,,,,,,,,,,,,,,,,,,,,,,,
,,,,S14,Donald & Peta,1st,21,24,45.0,26.0,27.0,27.0,27+7=34,27+26=53,27+28=55,,28+29=57,29+30=59,+30=89,,,,,,,,,,,,,,,,,,,,,,
,,,,S14,Katherine & Mark,2nd,26,26,52.0,29.0,24.0,29.0,29+10=39,27+27=54,26+29=55,,29+27=56,30+30=60,+30=90,,,,,,,,,,,,,,,,,,,,,,
,,,,S14,William & Cheryl,3rd,24,25,49.0,28.0,22.0,29.0,27+9=36,27+26=53,30+27=57,,28+30=58,30+29=59,+30=89,,,,,,,,,,,,,,,,,,,,,,
,,,,S14,Maria & Derek,4th,21,25,46.0,27.0,26.0,27.0,26+4=30,30+27=57,28+25=53,,30+29=59,,,,,,,,,,,,,,,,,,,,,,,,
,,,,S14,Melissa & Maks,5th,20,20,40.0,24.0,22.0,21.0,24+6=30,21+26=47,24+27=51,,,,,,,,,,,,,,,,,,,,,,,,,,
,,,,S14,Roshon & Chelsie,6th,23,26,49.0,25.0,26.0,26.0,23+5=28,25+27=52,29+27=56,,,,,,,,,,,,,,,,,,,,,,,,,,
,,,,S14,Jaleel & Kym,7th,26,22,48.0,25.0,22.0,24.0,29+8=37,24+27=51,,,,,,,,,,,,,,,,,,,,,,,,,,,
,,,,S14,Gladys & Tristan,8th,23,19,42.0,24.0,20.0,22.0,21+3=24,,,,,,,,,,,,,,,,,,,,,,,,,,,,
,,,,S14,Gavin & Karina,9th,20,21,41.0,24.0,23.0,19.0,,,,,,,,,,,,,,,,,,,,,,,,,,,,,
,,,,S14,Sherri & Val,10th,23,23,46.0,24.0,21.0,,,,,,,,,,,,,,,,,,,,,,,,,,,,,,
,,,,S14,Jack & Anna,11th,23,21,44.0,24.0,,,,,,,,,,,,,,,,,,,,,,,,,,,,,,,
,,,,S14,Martina & Tony,12th,20,17,37.0,,,,,,,,,,,,,,,,,,,,,,,,,,,,,,,,
,,,,S15,Melissa & Tony,1st,21.0,23.5,,27.0,37.0,27+29.5=56.5,29.5,29+10=39,30+30=60,,57.5,30+30=60,+28.5=88.5,,,,,,,86.0,99.0,,,,,,,,,,,,,,
,,,,S15,Shawn & Derek,2nd,22.0,25.0,,26.5,39.5,27+29.5=56.5,28,30+8=38,29.5+26=55.5,,59.0,27+30=57,+30=87,,,,,,,84.5,93.5,,,,,,,,,,,,,,
,,,,S15,Kelly & Val,3rd,21.5,22.0,,27.0,37.5,24.5+27=51.5,27,27+9=36,28+28.5=56.5,,54.0,29.5+29.5=59,+28.5=87.5,,,,,,,78.5,92.5,,,,,,,,,,,,,,
,,,,S15,Emmitt & Cheryl,4th,24.5,22.5,,25.0,36.0,29+27=56,26.5,27.5+7=34.5,28+30=58,,54.0,,,,,,,,,82.5,92.5,,,,,,,,,,,,,,
,,,,S15,Apolo & Karina,5th,22.0,24.5,,25.5,34.5,27+29.5=56.5,30,27+6=33,29.5+29=58.5,,57.0,,,,,,,,,86.5,91.5,,,,,,,,,,,,,,
,,,,S15,Gilles & Peta,6th,24.0,25.5,,25.5,39.5,29.5+27=56.5,27.5,28.5+5=33.5,29.5+29=58.5,,,,,,,,,,,84.0,92.0,,,,,,,,,,,,,,
,,,,S15,Kirstie & Maks,7th,19.0,21.0,,24.0,30.0,25.5+27=52.5,27.5+2=29.5,24+4=28,27+24=51,,,,,,,,,,,82.0,79.0,,,,,,,,,,,,,,
,,,,S15,Sabrina & Louis,8th,22.5,26.0,,25.5,35.5,29+29.5=58.5,30,,,,,,,,,,,,,88.5,,,,,,,,,,,,,,,
,,,,S15,Bristol & Mark,9th,19.5,18.0,,22.5,32.0,,,,,,,,,,,,,,,,,,,,,,,,,,,,,,
,,,,S15,Hélio & Chelsie,10th,21.5,23.0,,25.5,,,,,,,,,,,,,,,,,,,,,,,,,,,,,,,
,,,,S15,Drew & Anna,11th,21.5,22.5,,24.0,,,,,,,,,,,,,,,,,,,,,,,,,,,,,,,
,,,,S15,Joey & Kym,12th,20.5,22.5,,,,,,,,,,,,,,,,,,,,,,,,,,,,,,,,,
,,,,S15,Pamela & Tristan,13th,17.0,,,,,,,,,,,,,,,,,,,,,,,,,,,,,,,,,,
,,,,S16,Kellie & Derek,1st,21,26,47.0,25,26.0,27.0,29+25=54,29,28+27=55,,30+28=58,30+4+30=64,+30=94,,,,,,,,,,,,,,,,,,,,,,
,,,,S16,Zendaya & Val,2nd,24,26,50.0,24+2=26,26.0,29.0,29+22=51,27+3=30,28+30=58,,25+30=55,30+5+30=65,+30=95,,,,,,,,,,,,,,,,,,,,,,
,,,,S16,Jacoby & Karina,3rd,20,23,43.0,24+2=26,24.0,26.0,23+22=45,27,27+25=52,,30+29=59,27+2+27=56,+30=86,,,,,,,,,,,,,,,,,,,,,,
,,,,S16,Alexandra & Mark,4th,21,24,45.0,23,27.0,25.0,27+25=52,29+3=32,29+27=56,,30+29=59,28+3+30=61,,,,,,,,,,,,,,,,,,,,,,,
,,,,S16,Ingo & Kym,5th,20,20,40.0,21,23.0,21.0,24+22=46,22+3=25,24+24=48,,24+27=51,,,,,,,,,,,,,,,,,,,,,,,,
,,,,S16,Sean & Peta,6th,19,20,39.0,21,20.0,24.0,21+25=46,24,21+21=42,,,,,,,,,,,,,,,,,,,,,,,,,,
,,,,S16,Andy & Sharna,7th,17,20,37.0,18,21.0,18.0,18+25=43,17,,,,,,,,,,,,,,,,,,,,,,,,,,,
,,,,S16,Victor & Lindsay,8th,18,18,36.0,23,18.0,21.0,18+22=40,,,,,,,,,,,,,,,,,,,,,,,,,,,,
,,,,S16,D.L. & Cheryl,9th,12,16,28.0,16,21.0,18.0,,,,,,,,,,,,,,,,,,,,,,,,,,,,,
,,,,S16,Lisa & Gleb,10th,18,18,36.0,21,18.0,,,,,,,,,,,,,,,,,,,,,,,,,,,,,,
,,,,S16,Wynonna & Tony,11th,18,18,36.0,15,,,,,,,,,,,,,,,,,,,,,,,,,,,,,,,
,,,,S16,Dorothy & Tristan,12th,21,15,36.0,,,,,,,,,,,,,,,,,,,,,,,,,,,,,,,,
,,,,S17,Amber & Derek,1st,27,24,51.0,24.0,27.0,26.0,28+4=32,29+30=59,28,91.0,24+27=51,,,,,,39+40=79,30+4+30=64,+30=94,,,,,,,,,,,,,,,,
,,,,S17,Corbin & Karina,2nd,24,26,50.0,26.0,27.0,28.0,23+4=27,29+30=59,27+3=30,86.0,28+30=58,,,,,,35+40=75,27+5+30=62,+27=89,,,,,,,,,,,,,,,,
,,,,S17,Jack & Cheryl,3rd,23,24,47.0,22.0,24.0,27.0,25+2=27,27+30=57,27+3=30,84.0,29+25=54,,,,,,33+38=71,24+3+30=57,+27=84,,,,,,,,,,,,,,,,
,,,,S17,Bill E. & Emma,4th,18,21,39.0,24.0,21.0,24.0,23+1=24,23+27=50,24,74.0,21+21=42,,,,,,28+32=60,24+2+25=51,,,,,,,,,,,,,,,,,
,,,,S17,Leah & Tony,5th,21,24,45.0,24.0,24.0,22.0,27+1=28,26+27=53,25+3=28,81.0,27+27=54,,,,,,32+33=65,,,,,,,,,,,,,,,,,,
,,,,S17,Elizabeth & Val,6th,24,25,49.0,25.0,27.0,26.0,30+2=32,27+27=54,25,86.0,26+30=56,,,,,,,,,,,,,,,,,,,,,,,,
,,,,S17,Brant & Peta,7th,22,23,45.0,27.0,21.0,27.0,28+3=31,27+30=57,27,88.0,,,,,,,,,,,,,,,,,,,,,,,,,
,,,,S17,Nicole & Sasha,8th,23,20,43.0,25.0,24.0,27.0,27+3=30,27+27=54,,84.0,,,,,,,,,,,,,,,,,,,,,,,,,
,,,,S17,Christina & Mark,9th,22,25,47.0,26.0,24.0,28.0,,,,,,,,,,,,,,,,,,,,,,,,,,,,,
,,,,S17,Valerie & Tristan,10th,21,19,40.0,16.0,18.0,,,,,,,,,,,,,,,,,,,,,,,,,,,,,,
,,,,S17,Bill N. & Tyne,11th,14,17,31.0,16.0,,,,,,,,,,,,,,,,,,,,,,,,,,,,,,,
,,,,S17,Keyshawn & Sharna,12th,17,18,35.0,,,,,,,,,,,,,,,,,,,,,,,,,,,,,,,,
,,,,S18,Meryl & Maks,1st,24,25.0,,39.0,39.0,36.0,40.0,39+39=78,36+34=70,,40+40=80,30+30=60,+30=90,,,,,,,,,,,,,,,,,,,,,,
,,,,S18,Amy & Derek,2nd,24,24.0,,36.0,34.0,37.0,38.0,36+39=75,40+39=79,,39+39=78,30+29=59,+30=89,,,,,,,,,,,,,,,,,,,,,,
,,,,S18,Candace & Mark,3rd,25,21.0,,32.0,28.0,35.0,32.0,35+39=74,36+38=74,,34+38=72,27+24=51,+27=78,,,,,,,,,,,,,,,,,,,,,,
,,,,S18,James & Peta,4th,21,25.0,,36.0,35.0,40.0,35.0,35+35=70,36+39=75,,40+36=76,29+29=58,,,,,,,,,,,,,,,,,,,,,,,
,,,,S18,Charlie & Sharna,5th,27,25.0,,36.0,33.0,37.0,36.0,36+35=71,40+38=78,,40+36=76,,,,,,,,,,,,,,,,,,,,,,,,
,,,,S18,Danica & Val,6th,24,24.0,,36.0,32.0,39.0,36.0,33+39=72,38+34=72,,,,,,,,,,,,,,,,,,,,,,,,,,
,,,,S18,NeNe & Tony,7th,21,21.0,,31.0,32.0,36.0,33.0,31+35=66,,,,,,,,,,,,,,,,,,,,,,,,,,,
,,,,S18,Drew & Cheryl,8th,21,21.0,,30.0,33.0,28.0,32.0,,,,,,,,,,,,,,,,,,,,,,,,,,,,
,,,,S18,Cody & Witney,9th,22,22.0,,35.0,31.0,34.0,,,,,,,,,,,,,,,,,,,,,,,,,,,,,
,,,,S18,Billy Dee & Emma,10th,15,15.0,,,,,,,,,,,,,,,,,,,,,,,,,,,,,,,,,
,,,,S18,Sean & Karina,11th,20,21.0,,,,,,,,,,,,,,,,,,,,,,,,,,,,,,,,,
,,,,S18,Diana & Henry,12th,18,,,,,,,,,,,,,,,,,,,,,,,,,,,,,,,,,,
,,,,S19,Alfonso & Witney,1st,36,32.0,,32.0,40.0,34.0,39.0,36+32=68,38+3=41,,37+40=77,,,,,,36+39=75,40+40=80,+40=120,,,,,,,,,,,,,,,,
,,,,S19,Sadie & Mark,2nd,34,31.0,,32.0,37.0,36.0,35.0,30+32=62,38,,33+40=73,,,,,,37+37=74,38+40=78,+40=118,,,,,,,,,,,,,,,,
,,,,S19,Janel & Val,3rd,29,34.0,,40.0,36.0,33.0,33.0,31+36=67,40+3=43,,38+39=77,,,,,,40+38=78,37+40=77,+40=117,,,,,,,,,,,,,,,,
,,,,S19,Bethany & Derek,4th,32,33.0,,40.0,33.0,32.0,36.0,39+36=75,37+3=40,,36+38=74,,,,,,36+40=76,36+40=76,,,,,,,,,,,,,,,,,
,,,,S19,Tommy & Peta,5th,27,28.0,,34.0,28.0,23.0,28.0,28+32=60,26+3=29,,29+28=57,,,,,,28+34=62,,,,,,,,,,,,,,,,,,
,,,,S19,Lea & Artem,6th,32,35.0,,31.0,39.0,34.0,32.0,34+36=70,32,,34+36=70,,,,,,,,,,,,,,,,,,,,,,,,
,,,,S19,Michael & Emma,7th,25,24.0,,28.0,25.0,20.0,30.0,20+36=56,25,,,,,,,,,,,,,,,,,,,,,,,,,,
,,,,S19,Antonio & Cheryl,8th,25,31.0,,29.0,29.0,28.0,28.0,27+32=59,,,,,,,,,,,,,,,,,,,,,,,,,,,
,,,,S19,Jonathan & Allison,9th,30,30.0,,32.0,24.0,24.0,32.0,,,,,,,,,,,,,,,,,,,,,,,,,,,,
,,,,S19,Betsey & Tony,10th,20,28.0,,29.0,29.0,,,,,,,,,,,,,,,,,,,,,,,,,,,,,,
,,,,S19,Randy & Karina,11th,31,28.0,,26.0,,,,,,,,,,,,,,,,,,,,,,,,,,,,,,,
,,,,S19,Tavis & Sharna,12th,29,28.0,,,,,,,,,,,,,,,,,,,,,,,,,,,,,,,,,
,,,,S19,Lolo & Keo,13th,22,,,,,,,,,,,,,,,,,,,,,,,,,,,,,,,,,,
,,,,S20,Rumer & Val,1st,32,32,64.0,33.0,35.0,39.0,32+39=71,35+2=37,40+40=80,,38+30=68,40+40=80,+40=120,,,,,,,,,,,,,,,,,,,,,,
,,,,S20,Riker & Allison,2nd,31,32,63.0,34.0,34.0,38.0,37+39=76,37,39+39=78,,40+30=70,40+40=80,+40=120,,,,,,,,,,,,,,,,,,,,,,
,,,,S20,Noah & Sharna,3rd,26,27,53.0,30.0,32.0,28.0,29+39=68,36+2=38,31+32=63,,36+30=66,32+40=72,+36=108,,,,,,,,,,,,,,,,,,,,,,
,,,,S20,Nastia & Derek,4th,30,34,64.0,34.0,36.0,38.0,34+39=73,38+3=41,36+40=76,,40+30=70,,,,,,,,,,,,,,,,,,,,,,,,
,,,,S20,Chris & Witney,5th,26,21,47.0,28.0,27.0,27.0,31+39=70,31,34+30=64,,,,,,,,,,,,,,,,,,,,,,,,,,
,,,,S20,Robert & Kym,6th,28,28,56.0,29.0,34.0,24.0,28+39=67,31,33+29=62,,,,,,,,,,,,,,,,,,,,,,,,,,
,,,,S20,Willow & Mark,7th,25,32,57.0,32.0,39.0,34.0,34+39=73,37+2=39,,,,,,,,,,,,,,,,,,,,,,,,,,,
,,,,S20,Patti & Artem,8th,25,28,53.0,22.0,30.0,27.0,29+39=68,,,,,,,,,,,,,,,,,,,,,,,,,,,,
,,,,S20,Suzanne & Tony,9th,25,28,53.0,25.0,28.0,28.0,,,,,,,,,,,,,,,,,,,,,,,,,,,,,
,,,,S20,Michael & Peta,10th,26,28,54.0,24.0,30.0,,,,,,,,,,,,,,,,,,,,,,,,,,,,,,
,,,,S20,Charlotte & Keo,11th,22,26,48.0,22.0,,,,,,,,,,,,,,,,,,,,,,,,,,,,,,,
,,,,S20,Redfoo & Emma,12th,22,31,53.0,,,,,,,,,,,,,,,,,,,,,,,,,,,,,,,,
,,,,S21,Bindi & Derek,1st,24,,,32.0,28.0,37.0,40.0,30+28=58,28,,30+30=60,,,,,,27+3+30=60,30+30=60,+30=90,77.0,,25.0,23.0,,,,,,,,,,,,
,,,,S21,Nick & Sharna,2nd,24,,,36.0,27.0,35.0,39.0,24+30=54,30+3=33,,28+27=55,,,,,,24+30=54,30+30=60,+30=90,74.0,,21.0,24.0,,,,,,,,,,,,
,,,,S21,Alek & Lindsay,3rd,22,,,33.0,24.0,29.0,30.0,25+28=53,25,,24+24=48,,,,,,30+27=57,27+30=57,+27=84,59.0,,23.0,22.0,,,,,,,,,,,,
,,,,S21,Carlos & Witney,4th,23,,,31.0,25.0,39.0,38.0,28+28=56,27+2=29,,27+24=51,,,,,,28+3+29=60,30+30=60,,77.0,,24.0,21.0,,,,,,,,,,,,
,,,,S21,Tamar & Val,5th,23,,,33.0,27.0,29.0,40.0,24+30=54,28,,22+27=49,,,,,,,,,69.0,,24.0,25.0,,,,,,,,,,,,
,,,,S21,Alexa & Mark,6th,22,,,36.0,21.0,40.0,30.0,27+28=55,25+2=27,,30+30=60,,,,,,,,,70.0,,24.0,22.0,,,,,,,,,,,,
,,,,S21,Andy & Allison,7th,21,,,29.0,23.0,36.0,40.0,26+30=56,22+2=24,,,,,,,,,,,76.0,,21.0,23.0,,,,,,,,,,,,
,,,,S21,Hayes & Emma,8th,21,,,30.0,27.0,30.0,32.0,26+30=56,,,,,,,,,,,,62.0,,22.0,23.0,,,,,,,,,,,,
,,,,S21,Paula & Louis,9th,15,,,20.0,18.0,26.0,24.0,,,,,,,,,,,,,50.0,,19.0,18.0,,,,,,,,,,,,
,,,,S21,Gary & Anna,10th,15,,,25.0,16.0,,,,,,,,,,,,,,,,,18.0,15.0,,,,,,,,,,,,
,,,,S21,Kim & Tony,11th,12,,,,,,,,,,,,,,,,,,,,,19.0,18.0,,,,,,,,,,,,
,,,,S21,Victor & Karina,12th,15,,,,,,,,,,,,,,,,,,,,,17.0,20.0,,,,,,,,,,,,
,,,,S21,Chaka & Keo,13th,13,,,,,,,,,,,,,,,,,,,,,15.0,,,,,,,,,,,,,
,,,,S22,Nyle & Peta,1st,23,20,43.0,25.0,34.0,37.0,25.0,28+28=56,29+29=58,,27+30=57,27+30=57,+30=87,,,,,,,62.0,,,,,,,,,,,,,,,
,,,,S22,Paige & Mark,2nd,21,24,45.0,23.0,36.0,31.0,28.0,30+25=55,28+29=57,,30+29=59,29+30=59,+30=89,,,,,,,59.0,,,,,,,,,,,,,,,
,,,,S22,Ginger & Val,3rd,23,21,44.0,21.0,36.0,32.0,24.0,30+25=55,30+29=59,,27+29=56,28+30=58,+27=85,,,,,,,56.0,,,,,,,,,,,,,,,
,,,,S22,Antonio & Sharna,4th,21,19,40.0,20.0,35.0,26.0,27.0,24+28=52,27+29=56,,27+28=55,,,,,,,,,53.0,,,,,,,,,,,,,,,
,,,,S22,Wanyá & Lindsay,4th,23,24,47.0,24.0,35.0,30.0,29.0,27+28=55,25+29=54,,30+30=60,,,,,,,,,59.0,,,,,,,,,,,,,,,
,,,,S22,Jodie & Keo,6th,20,21,41.0,23.0,27.0,35.0,25.0,26+25=51,30+29=59,,,,,,,,,,,60.0,,,,,,,,,,,,,,,
,,,,S22,Kim & Sasha,7th,20,19,39.0,22.0,32.0,28.0,24.0,27+25=52,,,,,,,,,,,,52.0,,,,,,,,,,,,,,,
,,,,S22,Von & Witney,7th,21,20,41.0,20.0,32.0,29.0,24.0,24+28=52,,,,,,,,,,,,53.0,,,,,,,,,,,,,,,
,,,,S22,Doug & Karina,9th,15,20,35.0,20.0,24.0,28.0,21.0,,,,,,,,,,,,,49.0,,,,,,,,,,,,,,,
,,,,S22,Marla & Tony,10th,21,20,41.0,21.0,28.0,,,,,,,,,,,,,,,,,,,,,,,,,,,,,,
,,,,S22,Mischa & Artem,11th,16,15,31.0,18.0,,,,,,,,,,,,,,,,,,,,,,,,,,,,,,,
,,,,S22,Geraldo & Edyta,12th,13,13,26.0,,,,,,,,,,,,,,,,,,,,,,,,,,,,,,,,
,,,,S23,Laurie & Val,1st,31,32,63.0,31.0,30.0,25.0,37.0,34+35=69,30+3=33,,40+40=80,,,,,,30+30=60,38+40=78,+40=118,62.0,,,,,,,,,,,,,,,
,,,,S23,James & Sharna,2nd,31,29,60.0,29.0,28.0,29.0,38.0,36+38=74,30+5=35,,36+37=73,,,,,,29+30=59,37+40=77,+40=117,67.0,,,,,,,,,,,,,,,
,,,,S23,Calvin & Lindsay,3rd,26,28,54.0,32.0,23.0,24.0,37.0,36+38=74,30,,37+37=74,,,,,,26+30=56,35+40=75,+40=115,61.0,,,,,,,,,,,,,,,
,,,,S23,Jana & Gleb,4th,27,29,56.0,26.0,23.0,26.0,40.0,34+35=69,27+3=30,,40+40=80,,,,,,28+30=58,35+36=71,,66.0,,,,,,,,,,,,,,,
,,,,S23,Terra & Sasha,5th,25,31,56.0,30.0,25.0,27.0,30.0,34+35=69,24,,38+36=74,,,,,,30+30=60,,,57.0,,,,,,,,,,,,,,,
,,,,S23,Marilu & Derek,6th,27,29,56.0,28.0,21.0,27.0,34.0,29+35=64,23,,36+36=72,,,,,,,,,61.0,,,,,,,,,,,,,,,
,,,,S23,Ryan & Cheryl,7th,24,24,48.0,25.0,22.0,24.0,30.0,28+38=66,23+3=26,,,,,,,,,,,54.0,,,,,,,,,,,,,,,
,,,,S23,Maureen & Artem,8th,22,26,48.0,28.0,24.0,24.0,31.0,28+38=66,,,,,,,,,,,,55.0,,,,,,,,,,,,,,,
,,,,S23,Amber & Maks,9th,24,24,48.0,25.0,24.0,24.0,28.0,,,,,,,,,,,,,52.0,,,,,,,,,,,,,,,
,,,,S23,Vanilla Ice & Witney,10th,25,26,51.0,23.0,23.0,,,,,,,,,,,,,,,,,,,,,,,,,,,,,,
,,,,S23,Babyface & Allison,10th,26,30,56.0,25.0,18.0,,,,,,,,,,,,,,,,,,,,,,,,,,,,,,
,,,,S23,Rick & Emma,12th,20,22,42.0,23.0,,,,,,,,,,,,,,,,,,,,,,,,,,,,,,,
,,,,S23,Jake & Jenna,13th,22,24,46.0,,,,,,,,,,,,,,,,,,,,,,,,,,,,,,,,
,,,,S24,Rashad & Emma,1st,31,32,63.0,28.0,39.0,32.0,37+33=70,37+2=39,36+39=75,,38+39=77,40+40=80,+39=119,,,,,,,,,,,,,,,,,,,,,,
,,,,S24,David & Lindsay,2nd,28,27,55.0,31.0,31.0,29.0,29+33=62,32,36+29=65,,34+36=70,33+40=73,+36=109,,,,,,,,,,,,,,,,,,,,,,
,,,,S24,Normani & Val,3rd,27,32,59.0,34.0,32.0,39.0,38+34=72,40+3=43,40+39=79,,36+40=76,38+40=78,+40=118,,,,,,,,,,,,,,,,,,,,,,
,,,,S24,Simone & Sasha,4th,32,29,61.0,32.0,36.0,38.0,35+34=69,37+2=39,36+36=72,,40+40=80,,,,,,,,,,,,,,,,,,,,,,,,
,,,,S24,Bonner & Sharna,5th,22,29,51.0,24.0,32.0,30.0,30+33=63,29+2=31,30+28=58,,,,,,,,,,,,,,,,,,,,,,,,,,
,,,,S24,Nancy & Artem,6th,28,28,56.0,33.0,33.0,36.0,33+34=67,36,,,,,,,,,,,,,,,,,,,,,,,,,,,
,,,,S24,Nick & Peta,6th,24,25,49.0,26.0,30.0,34.0,28+33=61,34,,,,,,,,,,,,,,,,,,,,,,,,,,,
,,,,S24,Heather & Maks,8th,28,30,58.0,33.0,35.0,34.0,40+34=74,,,,,,,,,,,,,,,,,,,,,,,,,,,,
,,,,S24,Erika & Gleb,9th,24,28,52.0,26.0,30.0,32.0,,,,,,,,,,,,,,,,,,,,,,,,,,,,,
,,,,S24,Mr. T & Kym,10th,20,22,42.0,24.0,28.0,,,,,,,,,,,,,,,,,,,,,,,,,,,,,,
,,,,S24,Charo & Keo,11th,21,25,46.0,24.0,,,,,,,,,,,,,,,,,,,,,,,,,,,,,,,
,,,,S24,Chris & Witney,12th,17,22,39.0,,,,,,,,,,,,,,,,,,,,,,,,,,,,,,,,
,,,,S25,Jordan & Lindsay,1st,22,,,25.0,29.0,30.0,39.0,30+24=54,30+30=60,,28+30=58,40+40=80,+30+30=140,,,54.0,,,,,,24.0,24.0,,,,,,,,,,,,
,,,,S25,Lindsey & Mark,2nd,22,,,27.0,26.0,28.0,40.0,27+24=51,26+28=54,,29+28=57,40+40=80,+30+30=140,,,53.0,,,,,,21.0,24.0,,,,,,,,,,,,
,,,,S25,Frankie & Witney,3rd,19,,,21.0,24.0,29.0,31.0,30+30=60,26+27=53,,25+26=51,38+38=76,+30+28=134,,,45.0,,,,,,23.0,25.0,,,,,,,,,,,,
,,,,S25,Drew & Emma,4th,16,,,23.0,24.0,25.0,30.0,27+30=57,22+25=47,,24+24=48,36+39=75,,,,47.0,,,,,,20.0,21.0,,,,,,,,,,,,
,,,,S25,Victoria & Val,5th,19,,,22.0,27.0,27.0,31.0,27+30=57,24+24=48,,27+29=56,,,,,49.0,,,,,,24.0,20.0,,,,,,,,,,,,
,,,,S25,Terrell & Cheryl,6th,15,,,21.0,24.0,25.0,37.0,25+24=49,27+24=51,,,,,,,45.0,,,,,,20.0,19.0,,,,,,,,,,,,
,,,,S25,Nikki & Artem,7th,20,,,21.0,24.0,27.0,36.0,24+24=48,,,,,,,,45.0,,,,,,21.0,18.0,,,,,,,,,,,,
,,,,S25,Vanessa & Maks,7th,21,,,23.0,24.0,24.0,36.0,24+30=54,,,,,,,,47.0,,,,,,24.0,23.0,,,,,,,,,,,,
,,,,S25,Nick & Peta,9th,18,,,21.0,22.0,22.0,26.0,,,,,,,,,43.0,,,,,,19.0,19.0,,,,,,,,,,,,
,,,,S25,Sasha & Gleb,10th,18,,,19.0,24.0,24.0,,,,,,,,,,43.0,,,,,,23.0,22.0,,,,,,,,,,,,
,,,,S25,Derek & Sharna,11th,18,,,21.0,23.0,,,,,,,,,,,44.0,,,,,,19.0,19.0,,,,,,,,,,,,
,,,,S25,Debbie & Alan,12th,17,,,,,,,,,,,,,,,,,,,,,20.0,21.0,,,,,,,,,,,,
,,,,S25,Barbara & Keo,13th,14,,,,,,,,,,,,,,,,,,,,,17.0,,,,,,,,,,,,,
,,,,S26,Adam & Jenna,1st,24,37+37=74,,39+2=41,30+28=58,,,,,,,,,,,,,,,,,,,,,,,,,,,,,,
,,,,S26,Josh & Sharna,2nd,24,30+33=63,,36+2=38,27+30=57,,,,,,,,,,,,,,,,,,,,,,,,,,,,,,
,,,,S26,Tonya & Sasha,3rd,23,33+33=66,,33+2=35,26+30=56,,,,,,,,,,,,,,,,,,,,,,,,,,,,,,
,,,,S26,Jennie & Keo,4th,21,26+37=63,,29,,,,,,,,,,,,,,,,,,,,,,,,,,,,,,,
,,,,S26,Chris & Witney,4th,21,33+33=66,,33,,,,,,,,,,,,,,,,,,,,,,,,,,,,,,,
,,,,S26,Mirai & Alan,4th,23,37+37=74,,35,,,,,,,,,,,,,,,,,,,,,,,,,,,,,,,
,,,,S26,Kareem & Lindsay,7th,17,26+33=59,,,,,,,,,,,,,,,,,,,,,,,,,,,,,,,,,
,,,,S26,Arike & Gleb,7th,20,33+37=70,,,,,,,,,,,,,,,,,,,,,,,,,,,,,,,,,
,,,,S26,Jamie & Artem,9th,19,,,,,,,,,,,,,,,,,,,,,,,,,,,,,,,,,,
,,,,S26,Johnny & Emma,9th,18,,,,,,,,,,,,,,,,,,,,,,,,,,,,,,,,,,
,,,,S27,Bobby & Sharna,1st,,,39.0,23.0,20.0,21.0,22.0,24+29=53,21+24=45,,24+30=54,,,20.0,,,,,,43.0,,20.0,19.0,,,,,,,,,,,,
,,,,S27,Milo & Witney,2nd,,,52.0,27.0,29.0,27.0,30.0,29+29=58,27+28=55,,30+30=60,,,20.0,,,,,,57.0,,26.0,26.0,,,,,,,,,,,,
,,,,S27,Evanna & Keo,3rd,,,48.0,27.0,24.0,29.0,53.0,30+29=59,30+28=58,,30+30=60,,,18.0,,,,,,,,24.0,24.0,,,,,,,,,,,,
,,,,S27,Alexis & Alan,4th,,,49.0,26.0,25.0,29.0,27.0,29+26=55,28+30=58,,27+30=57,,,21.0,23.0,,,,,56.0,,25.0,24.0,,,,,,,,,,,,
,,,,S27,Joe & Jenna,5th,,,35.0,18.0,15.0,17.0,22.0,21+26=47,22+24=46,,,,,14.0,,,,,,39.0,,17.0,18.0,,,,,,,,,,,,
,,,,S27,Juan Pablo & Cheryl,5th,,,52.0,30.0,24.0,29.0,30.0,30+26=56,30+30=60,,,,,22.0,,,,,,59.0,,26.0,26.0,,,,,,,,,,,,
,,,,S27,John & Emma,7th,,,43.0,21.0,21.0,24.0,19.0,25+29=54,,,,,,18.0,,,,,,43.0,,23.0,20.0,,,,,,,,,,,,
,,,,S27,DeMarcus & Lindsay,7th,,,47.0,26.0,22.0,26.0,26.0,27+26=53,,,,,,23.0,,,,,,52.0,,24.0,23.0,,,,,,,,,,,,
,,,,S27,Mary Lou & Sasha,9th,,,46.0,24.0,26.0,25.0,24.0,,,,,,,19.0,21.0,,,,,49.0,,22.0,24.0,,,,,,,,,,,,
,,,,S27,Tinashe & Brandon,10th,,,52.0,27.0,26.0,,,,,,,,,23.0,,,,,,,,26.0,26.0,,,,,,,,,,,,
,,,,S27,Nancy & Val,11th,,,41.0,22.0,,,,,,,,,,18.0,21.0,,,,,,,21.0,20.0,,,,,,,,,,,,
,,,,S27,Danelle & Artem,12th,,,37.0,,,,,,,,,,,18.0,18.0,,,,,,,18.0,19.0,,,,,,,,,,,,
,,,,S27,Nikki & Gleb,13th,,,,,,,,,,,,,,17.0,18.0,,,,,,,,,,,,,,,,,,,,
,,,,S28,Hannah & Alan,1st,20,24,44.0,21.0,32.0,25.0,24.0,25+27=52,29+2=31,,32+39=71,,,,,53.0,27+27=54,,,49.0,,,,28+30=58,,,,,,,,,,,
,,,,S28,Kel & Witney,2nd,16,20,36.0,20.0,32.0,26.0,26.0,27+24=51,28+2=30,,34+40=74,,,,,52.0,27+30=57,,,52.0,,,,30+29=59,,,,,,,,,,,
,,,,S28,Ally & Sasha,3rd,16,20,36.0,24.0,32.0,27.0,25.0,27+27=54,30,,40+40=80,,,,,56.0,29+30=59,,,52.0,,,,30+30=60,,,,,,,,,,,
,,,,S28,Lauren & Gleb,4th,19,19,38.0,20.0,32.0,23.0,26.0,27+27=54,24,,34+36=70,,,,,52.0,27+27=54,,,49.0,,,,27+30=57,,,,,,,,,,,
,,,,S28,James & Emma,5th,21,20,41.0,23.0,28.0,26.0,27.0,27+27=54,30+2=32,,36+36=72,,,,,51.0,24+27=51,,,53.0,,,,,,,,,,,,,,,
,,,,S28,Sean & Lindsay,6th,12,16,28.0,15.0,21.0,19.0,21.0,18+24=42,20,,26+24=50,,,,,36.0,,,,40.0,,,,,,,,,,,,,,,
,,,,S28,Kate & Pasha,7th,15,21,36.0,24.0,26.0,24.0,27.0,24+24=48,24+2=26,,,,,,,50.0,,,,51.0,,,,,,,,,,,,,,,
,,,,S28,Karamo & Jenna,8th,17,19,36.0,16.0,28.0,21.0,25.0,25+24=49,,,,,,,,44.0,,,,46.0,,,,,,,,,,,,,,,
,,,,S28,Sailor & Val,9th,18,18,36.0,23.0,31.0,24.0,27.0,,,,,,,,,54.0,,,,51.0,,,,,,,,,,,,,,,
,,,,S28,Lamar & Peta,10th,11,12,23.0,12.0,20.0,,,,,,,,,,,32.0,,,,,,,,,,,,,,,,,,,
,,,,S28,Ray & Cheryl,11th,15,15,30.0,,,,,,,,,,,,,,,,,,,,,,,,,,,,,,,,
,,,,S28,Mary & Brandon,12th,17,15,32.0,,,,,,,,,,,,,,,,,,,,,,,,,,,,,,,,
,,,,S29,Kaitlyn & Artem,1st,20,22,42.0,23.0,25.0,27.0,27.0,24.0,25+3=28,,30,,,,,,30+30=60,,,,,,,30+30=60,,,,,,,,,,,
,,,,S29,Nev & Jenna,2nd,20,21,41.0,24.0,24.0,26.0,26.0,30.0,27+3=30,,27+2=29,,,,,,30+30=60,,,,,,,30+30=60,,,,,,,,,,,
,,,,S29,Nelly & Daniella,3rd,16,18,34.0,18.0,21.0,24.0,24.0,27.0,21+2=23,,24,,,,,,26+30=56,,,,,,,27+30=57,,,,,,,,,,,
,,,,S29,Justina & Sasha,4th,21,21,42.0,19.0,24.0,24.0,27.0,26.0,27+2=29,,24+2=26,,,,,,28+30=58,,,,,,,30+30=60,,,,,,,,,,,
,,,,S29,Skai & Alan,5th,21,15,36.0,18.0,28.0,24.0,18.0,27.0,25+2=27,,27+2=29,,,,,,27+30=57,,,,,,,,,,,,,,,,,,
,,,,S29,Johnny & Britt,6th,18,18,36.0,24.0,24.0,29.0,22.0,27.0,27+3=30,,30,,,,,,27+30=57,,,,,,,,,,,,,,,,,,
,,,,S29,AJ & Cheryl,7th,18,19,37.0,21.0,24.0,24.0,27.0,26.0,24+3=27,,23+2=25,,,,,,,,,,,,,,,,,,,,,,,,
,,,,S29,Chrishell & Gleb,8th,13,18,31.0,22.0,22.0,19.0,24.0,26.0,24+2=26,,,,,,,,,,,,,,,,,,,,,,,,,,
,,,,S29,Jeannie & Brandon,9th,18,18,36.0,22.0,21.0,24.0,25.0,25.0,,,,,,,,,,,,,,,,,,,,,,,,,,,
,,,,S29,Monica & Val,10th,19,16,35.0,21.0,24.0,26.0,27.0,22.0,,,,,,,,,,,,,,,,,,,,,,,,,,,
,,,,S29,Vernon & Peta,11th,17,18,35.0,22.0,22.0,21.0,21.0,,,,,,,,,,,,,,,,,,,,,,,,,,,,
,,,,S29,Jesse & Sharna,12th,18,20,38.0,20.0,21.0,19.0,,,,,,,,,,,,,,,,,,,,,,,,,,,,,
,,,,S29,Anne & Keo,13th,18,18,36.0,15.0,21.0,,,,,,,,,,,,,,,,,,,,,,,,,,,,,,
,,,,S29,Carole & Pasha,14th,11,16,27.0,12.0,,,,,,,,,,,,,,,,,,,,,,,,,,,,,,,
,,,,S29,Charles & Emma,15th,12,15,27.0,,,,,,,,,,,,,,,,,,,,,,,,,,,,,,,,
,,,,S30,Iman & Daniella,1st,21,25,46.0,19.0,,28.0,40.0,32+2=34,35,,37+38=75,,,,,,40+40=80,,,,,,,,30,33.0,63.0,,,,,,,,
,,,,S30,JoJo & Jenna,2nd,29,31,60.0,24.0,,40.0,40.0,39,39+2=41,,40+40=80,,,,,,40+40=80,,,,,,,,35,35.0,70.0,,,,,,,,
,,,,S30,Cody & Cheryl,3rd,24,24,48.0,18.0,,32.0,36.0,34+2=36,38,,35+36=71,,,,,,36+40=76,,,,,,,,27,31.0,58.0,,,,,,,,
,,,,S30,Amanda & Alan,4th,28,32,60.0,24.0,,39.0,38.0,33+1=34,40+2=42,,39+40=79,,,,,,38+40=78,,,,,,,,32,36.0,68.0,,,,,,,,
,,,,S30,Suni & Sasha,5th,28,28,56.0,21.0,,36.0,36.0,33+1=34,40+2=42,,37+38=75,,,,,,,,,,,,,,33,35.0,68.0,,,,,,,,
,,,,S30,Melora & Artem,6th,26,27,53.0,23.0,,36.0,34.0,36+2=38,40+2=42,,36+36=72,,,,,,,,,,,,,,36,37.0,73.0,,,,,,,,
,,,,S30,Jimmie & Emma,7th,22,27,49.0,20.0,,34.0,38.0,38,32,,,,,,,,,,,,,,,,30+2=32,35.0,67.0,,,,,,,,
,,,,S30,Olivia & Val,8th,25,27,52.0,24.0,,36.0,36.0,38+4=42,36,,,,,,,,,,,,,,,,35,35.0,70.0,,,,,,,,
,,,,S30,The Miz & Witney,9th,24,26,50.0,22.0,,32.0,34.0,32,,,,,,,,,,,,,,,,,31,34.0,65.0,,,,,,,,
,,,,S30,Kenya & Brandon,10th,26,24,50.0,21.0,,36.0,32.0,,,,,,,,,,,,,,,,,,29,30.0,59.0,,,,,,,,
,,,,S30,Melanie & Gleb,11th,27,30,57.0,22.0,,36.0,,,,,,,,,,,,,,,,,,,31,35.0,66.0,,,,,,,,
,,,,S30,Matt & Lindsay,12th,24,22,46.0,20.0,,,,,,,,,,,,,,,,,,,,,26,31.0,57.0,,,,,,,,
,,,,S30,Brian & Sharna,13th,24,23,47.0,19.0,,,,,,,,,,,,,,,,,,,,,25,27.0,52.0,,,,,,,,
,,,,S30,Christine & Pasha,14th,25,24,49.0,21.0,,,,,,,,,,,,,,,,,,,,,,,,,,,,,,,
,,,,S30,Martin & Britt,15th,13,15,28.0,,,,,,,,,,,,,,,,,,,,,,,,,,,,,,,,
,,,,S31,Charli & Mark,1st,32,32.0,,33.0,36.0,,50.0,39+39=78,40+5=45,,40+40=80,,,,,,40+40=80,,,,,,,,,,,38+7=45,,84.0,,,,,
,,,,S31,Gabby & Val,2nd,28,32.0,,33.0,36.0,,46.0,38+33=71,40,,40+40=80,,,,,,40+40=80,,,,,,,,,,,40+6=46,,82.0,,,,,
,,,,S31,Wayne & Witney,3rd,29,32.0,,33.0,36.0,,44.0,37+39=76,40+5=45,,36+37=73,,,,,,36+40=76,,,,,,,,,,,40+5=45,,82.0,,,,,
,,,,S31,Shangela & Gleb,4th,28,28.0,,30.0,32.0,,45.0,40+33=73,37+5=42,,36+37=73,,,,,,36+40=76,,,,,,,,,,,35+10=45,,77.0,,,,,
,,,,S31,Daniel & Britt,5th,27,29.0,,31.0,29.0,,43.0,34+39=73,39,,35+34=69,,,,,,,,,,,,,,,,,32+1=33,,67.0,,,,,
,,,,S31,Trevor & Emma,6th,21,30.0,,27.0,28.0,,42.0,39+39=78,34+5=39,,32+33=65,,,,,,,,,,,,,,,,,32+8=40,,72.0,,,,,
,,,,S31,Vinny & Koko,7th,17,27.0,,23.0,29.0,,36.0,30+33=63,29,,,,,,,,,,,,,,,,,,,28+2=30,,62.0,,,,,
,,,,S31,Heidi & Artem,8th,24,28.0,,32.0,34.0,,46.0,37+33=70,35,,,,,,,,,,,,,,,,,,,33+9=42,,78.0,,,,,
,,,,S31,Jordin & Brandon,9th,26,27.0,,29.0,34.0,,43.0,36+33=69,,,,,,,,,,,,,,,,,,,,35+3=38,,71.0,,,,,
,,,,S31,Jessie & Alan,10th,20,25.0,,26.0,31.0,,41.0,,,,,,,,,,,,,,,,,,,,,29,32+11=43,72.0,,,,,
,,,,S31,Joseph & Daniella,11th,23,24.0,,29.0,28.0,,,,,,,,,,,,,,,,,,,,,,,34,32+4=36,70.0,,,,,
,,,,S31,Selma & Sasha,12th,28,28.0,,28.0,32.0,,,,,,,,,,,,,,,,,,,,,,,40,,,,,,,
,,,,S31,Sam & Cheryl,13th,20,26.0,,25.0,25.0,,,,,,,,,,,,,,,,,,,,,,,,,,,,,,
,,,,S31,Cheryl & Louis,14th,21,21.0,,24.0,,,,,,,,,,,,,,,,,,,,,,,,,,,,,,,
,,,,S31,Teresa & Pasha,15th,20,23.0,,,,,,,,,,,,,,,,,,,,,,,,,,,,,,,,,
,,,,S31,Jason & Peta,16th,18,,,,,,,,,,,,,,,,,,,,,,,,,,,,,,,,,,
,,,,S32,Xochitl & Val,1st,18,24.0,,32.0,27.0,28.0,37+5=42,34+40=74,40,,38+3=41,,,,,,30+30=60,,,,,,,30+30=60,,,,,,,120.0,,,,
,,,,S32,Jason & Daniella,2nd,21,24.0,,34.0,24.0,27.0,36+3=39,35+37=72,33,,40+3=43,,,,,,27+30=57,,,,,,,30+30=60,,,,,,,117.0,,,,
,,,,S32,Ariana & Pasha,3rd,21,20.0,,34.0,25.0,24.0,37+4=41,37+37=74,39+3=42,,37,,,,,,28+30=58,,,,,,,29+30=59,,,,,,,117.0,,,,
,,,,S32,Charity & Artem,4th,22,21.0,,32.0,24.0,28.0,35+3=38,32+40=72,36+3=39,,38,,,,,,29+30=59,,,,,,,29+30=59,,,,,,,118.0,,,,
,,,,S32,Alyson & Sasha,5th,13,19.0,,24.0,18.0,21.0,29+2=31,33+37=70,33+3=36,,29+3=32,,,,,,25+26=51,,,,,,,25+28=53,,,,,,,104.0,,,,
,,,,S32,Harry & Rylee,6th,12,15.0,,24.0,21.0,18.0,28+1=29,24+40=64,28,,30,,,,,,,,,,,,,,,,,,,,,,,,
,,,,S32,Barry & Peta,7th,16,15.0,,25.0,18.0,24.0,31+1=32,28+37=65,32+3=35,,,,,,,,,,,,,,,,,,,,,,,,,,
,,,,S32,Lele & Brandon,8th,19,21.0,,27.0,22.0,24.0,33+4=37,33+40=73,,,,,,,,,,,,,,,,,,,,,,,,,,,
,,,,S32,Mauricio & Emma,9th,15,12.0,,23.0,19.0,24.0,31+2=33,,,,,,,,,,,,,,,,,,,,,,,,,,,,
,,,,S32,Mira & Gleb,10th,17,18.0,,26.0,21.0,22.0,,,,,,,,,,,,,,,,,,,,,,,,,,,,,
,,,,S32,Adrian & Britt,11th,18,15.0,,22.0,21.0,,,,,,,,,,,,,,,,,,,,,,,,,,,,,,
,,,,S32,Tyson & Jenna,12th,12,18.0,,20.0,,,,,,,,,,,,,,,,,,,,,,,,,,,,,,,
,,,,S32,Jamie Lynn & Alan,13th,15,16.0,,,,,,,,,,,,,,,,,,,,,,,,,,,,,,,,,
,,,,S32,Matt & Koko,14th,12,,,,,,,,,,,,,,,,,,,,,,,,,,,,,,,,,,
,,,,S33,Joey & Jenna,1st,21,22,43.0,,36.0,25+27=52,29+3=32,28+27=55,30+28=58,,30+29=59,,,,,,,,,,,,,,,,,,,,,34.0,36.0,70.0,117.0
,,,,S33,Ilona & Alan,2nd,18,21,39.0,,32.0,25+27=52,24,28+24=52,28+29=57,,27+30=57,,,,,,,,,,,,,,,,,,,,,30.0,26.0,56.0,114.0
,,,,S33,Chandler & Brandon,3rd,23,24,47.0,,32.0,27+27=54,29+3=32,30+30=60,29+29=58,,30+30=60,,,,,,,,,,,,,,,,,,,,,36.0,33.0,69.0,118.0
,,,,S33,Stephen & Rylee,4th,21,22,43.0,,33.0,24+24=48,28,29+25=54,25+28=53,,29+30=59,,,,,,,,,,,,,,,,,,,,,30.0,32.0,62.0,112.0
,,,,S33,Danny & Witney,5th,20,21,41.0,,36.0,27+24=51,28,27+24=51,27+27=54,,27+29=56,,,,,,,,,,,,,,,,,,,,,30.0,30.0,60.0,110.0
,,,,S33,Dwight & Daniella,6th,22,22,44.0,,29.0,24+24=48,28+3=31,26+22=48,,,,,,,,,,,,,,,,,,,,,,,,23.0,29.0,52.0,
,,,,S33,Jenn & Sasha,7th,19,19,38.0,,32.0,24+27=51,28+3=31,,,,,,,,,,,,,,,,,,,,,,,,,31.0,31.0,62.0,
,,,,S33,Phaedra & Val,8th,19,21,40.0,,32.0,24+24=48,,,,,,,,,,,,,,,,,,,,,,,,,,30.0,26.0,56.0,
,,,,S33,Brooks & Gleb,9th,18,20,38.0,,32.0,,,,,,,,,,,,,,,,,,,,,,,,,,,28.0,33.0,61.0,
,,,,S33,Eric & Britt,10th,15,15,30.0,,,,,,,,,,,,,,,,,,,,,,,,,,,,,24.0,22.0,46.0,
,,,,S33,Reginald & Emma,10th,16,15,31.0,,,,,,,,,,,,,,,,,,,,,,,,,,,,,21.0,21.0,42.0,
,,,,S33,Tori & Pasha,12th,17,19,36.0,,,,,,,,,,,,,,,,,,,,,,,,,,,,,,,,
,,,,S33,Anna & Ezra,12th,18,17,35.0,,,,,,,,,,,,,,,,,,,,,,,,,,,,,,,,
,,,,S34,Robert & Witney,1st,15,22,37.0,22.0,22.0,35.0,36.0,38+3=41,38+38=76,,40+2=42,,,,,,30+29=59,,,71.0,,,,29+30+30=89,,,,,,,,,,,
,,,,S34,Alix & Val,2nd,13,21,34.0,23.0,24.0,35.0,35.0,39+4=43,39+38=77,,40,,,,,,28+30=58,,,70.0,,,,30+30+30=90,,,,,,,,,,,
,,,,S34,Jordan & Ezra,3rd,10,22,32.0,24.0,24.0,32.0,39.0,34+4=38,38+40=78,,37+2=39,,,,,,27+30=57,,,71.0,,,,29+30+30=89,,,,,,,,,,,
,,,,S34,Dylan & Daniella,4th,10,20,30.0,23.0,23.0,36.0,32.0,35+3=38,36+40=76,,40+2=42,,,,,,27+28=55,,,68.0,,,,28+30+30=88,,,,,,,,,,,
,,,,S34,Elaine & Alan,5th,12,21,33.0,21.0,24.0,30.0,36.0,32+0=32,37+38=75,,36,,,,,,27+30=57,,,66.0,,,,30+27+30=87,,,,,,,,,,,
,,,,S34,Whitney & Mark,6th,15,22,37.0,24.0,25.0,33.0,39.0,37+5=42,39+40=79,,40+2=42,,,,,,29+29=58,,,72.0,,,,,,,,,,,,,,,
,,,,S34,Andy & Emma,7th,9,16,25.0,18.0,18.0,24.0,27.0,28+1=29,30+38=68,,29,,,,,,,,,51.0,,,,,,,,,,,,,,,
,,,,S34,Danielle & Pasha,8th,12,19,31.0,21.0,21.0,29.0,36.0,33+2=35,34+40=74,,,,,,,,,,,65.0,,,,,,,,,,,,,,,
,,,,S34,Jen & Jan,9th,12,22,34.0,19.0,23.0,29.0,32.0,32+2=34,,,,,,,,,,,,61.0,,,,,,,,,,,,,,,
,,,,S34,Scott & Rylee,10th,10,18,28.0,22.0,21.0,30.0,28.0,,,,,,,,,,,,,58.0,,,,,,,,,,,,,,,
,,,,S34,Hilaria & Gleb,11th,14,21,35.0,22.0,23.0,,,,,,,,,,,,,,,,,,,,,,,,,,,,,,
,,,,S34,Lauren & Brandon,12th,13,21,34.0,18.0,,,,,,,,,,,,,,,,,,,,,,,,,,,,,,,
,,,,S34,Baron & Britt,13th,10,18,28.0,,,,,,,,,,,,,,,,,,,,,,,,,,,,,,,,
,,,,S34,Corey & Jenna,13th,9,15,24.0,,,,,,,,,,,,,,,,,,,,,,,,,,,,,,,,
